"sample_id","spot_name","ManualAnnotation"
"Br2701_LC_round2","AAACCGGGTAGGTACC-1","LC"
"Br2701_LC_round2","AAAGGGCAGCTTGAAT-1","LC"
"Br2701_LC_round2","AAAGTTGACTCCCGTA-1","LC"
"Br2701_LC_round2","AAATAGCTTAGACTTT-1","LC"
"Br2701_LC_round2","AACAATTACTCTACGC-1","LC"
"Br2701_LC_round2","AACAGGATGGGCCGCG-1","LC"
"Br2701_LC_round2","AACCAAGACTTCTCTG-1","LC"
"Br2701_LC_round2","AACCCTACTGTCAATA-1","LC"
"Br2701_LC_round2","AACTCAAGTTAATTGC-1","LC"
"Br2701_LC_round2","AACTCTCAATAGAGCG-1","LC"
"Br2701_LC_round2","AACTTGCCCGTATGCA-1","LC"
"Br2701_LC_round2","AAGAGATGAATCGGTA-1","LC"
"Br2701_LC_round2","AAGAGGATGTACGCGA-1","LC"
"Br2701_LC_round2","AAGTAGTGACGCGAGG-1","LC"
"Br2701_LC_round2","AAGTGACGACCGAATT-1","LC"
"Br2701_LC_round2","AATAACAACGCTCGGC-1","LC"
"Br2701_LC_round2","AATATTGGAGTATTGA-1","LC"
"Br2701_LC_round2","AATCTGCGTTGGGACG-1","LC"
"Br2701_LC_round2","ACAAGCAGTGCCTAGC-1","LC"
"Br2701_LC_round2","ACAAGGACAAGAGGTT-1","LC"
"Br2701_LC_round2","ACAATCCATTTAAACC-1","LC"
"Br2701_LC_round2","ACATCCTGGTAACTGT-1","LC"
"Br2701_LC_round2","ACATCGGTCAGCCGCG-1","LC"
"Br2701_LC_round2","ACATGGCGCCAAAGTA-1","LC"
"Br2701_LC_round2","ACCCACCTACATGCTC-1","LC"
"Br2701_LC_round2","ACCCATCTTGAGGGTA-1","LC"
"Br2701_LC_round2","ACCCGGATGACGCATC-1","LC"
"Br2701_LC_round2","ACCGATGGTAGCATCG-1","LC"
"Br2701_LC_round2","ACCTAATCGACTTCCT-1","LC"
"Br2701_LC_round2","ACGAAATGGGCGGCAC-1","LC"
"Br2701_LC_round2","ACGATCATCTTGTAAA-1","LC"
"Br2701_LC_round2","ACGATGCATATGTTAT-1","LC"
"Br2701_LC_round2","ACGCGCTACACAGGGT-1","LC"
"Br2701_LC_round2","ACGTATTACTCCGATC-1","LC"
"Br2701_LC_round2","ACGTTAGATTTGCCCG-1","LC"
"Br2701_LC_round2","ACTCCCGAATTCGTTT-1","LC"
"Br2701_LC_round2","ACTGTAGCACTTTGGA-1","LC"
"Br2701_LC_round2","AGAATTATGGATTCGA-1","LC"
"Br2701_LC_round2","AGAGCGTACAAGCTCG-1","LC"
"Br2701_LC_round2","AGATAACTTCAGGGCC-1","LC"
"Br2701_LC_round2","AGATACCGGTGTTCAC-1","LC"
"Br2701_LC_round2","AGATGATGGAGTCTGG-1","LC"
"Br2701_LC_round2","AGCAACATATCTTATT-1","LC"
"Br2701_LC_round2","AGCACTTAAGGACGCC-1","LC"
"Br2701_LC_round2","AGCCCATACATGTAAG-1","LC"
"Br2701_LC_round2","AGGCCACCCGTTATGA-1","LC"
"Br2701_LC_round2","AGGCTATGGTTAGCTT-1","LC"
"Br2701_LC_round2","AGGGTCGATGCGAACT-1","LC"
"Br2701_LC_round2","AGGTAGGTACAAAGCT-1","LC"
"Br2701_LC_round2","AGTATAATACTAGGCA-1","LC"
"Br2701_LC_round2","AGTCCATTGGCTGATG-1","LC"
"Br2701_LC_round2","AGTCGACGGTCTCAAG-1","LC"
"Br2701_LC_round2","AGTGCTTGCACGAATA-1","LC"
"Br2701_LC_round2","ATAAATATTAGCAGCT-1","LC"
"Br2701_LC_round2","ATACCACGGGCAACTT-1","LC"
"Br2701_LC_round2","ATAGACAACGGGACCT-1","LC"
"Br2701_LC_round2","ATAGGCGGCTATAGAA-1","LC"
"Br2701_LC_round2","ATAGTTCCACCCACTC-1","LC"
"Br2701_LC_round2","ATATCAACCTACAGAG-1","LC"
"Br2701_LC_round2","ATATGTCTCCCTAGCC-1","LC"
"Br2701_LC_round2","ATCCAATGGAGGGTCC-1","LC"
"Br2701_LC_round2","ATCCTGAATCGCTGCG-1","LC"
"Br2701_LC_round2","ATGAGGAGTGTTAATC-1","LC"
"Br2701_LC_round2","ATTACGCGCTGGCAGG-1","LC"
"Br2701_LC_round2","ATTCAGTAGCAGGGTC-1","LC"
"Br2701_LC_round2","ATTCCCACATAAACAA-1","LC"
"Br2701_LC_round2","ATTCGACGCCGGGCCT-1","LC"
"Br2701_LC_round2","ATTGATGAGTCCTAAC-1","LC"
"Br2701_LC_round2","ATTGCTGCTCCTCCAT-1","LC"
"Br2701_LC_round2","ATTGTACAACTCGGCT-1","LC"
"Br2701_LC_round2","ATTTACAGTTTACTGG-1","LC"
"Br2701_LC_round2","CAAACGGTCGCACTTT-1","LC"
"Br2701_LC_round2","CAAGCAACGTCGGAGT-1","LC"
"Br2701_LC_round2","CAAGTGTGGTTGCAAA-1","LC"
"Br2701_LC_round2","CACACAGGGATAGATT-1","LC"
"Br2701_LC_round2","CACCCAAATCTTATGT-1","LC"
"Br2701_LC_round2","CACGAAAGTTAGTCCC-1","LC"
"Br2701_LC_round2","CACGCAGCGAGGCTTT-1","LC"
"Br2701_LC_round2","CACGCGGAACTGTTGC-1","LC"
"Br2701_LC_round2","CAGACCTGTAAGTGTT-1","LC"
"Br2701_LC_round2","CAGCTTAGTAGGTAGC-1","LC"
"Br2701_LC_round2","CAGGCCGTTTGGGTGT-1","LC"
"Br2701_LC_round2","CAGTTCCGCGGGTCGA-1","LC"
"Br2701_LC_round2","CATAACGGACAGTCGT-1","LC"
"Br2701_LC_round2","CATACCCGTACCCAGT-1","LC"
"Br2701_LC_round2","CATAGCCGCCCGGGAT-1","LC"
"Br2701_LC_round2","CATCTTACACCACCTC-1","LC"
"Br2701_LC_round2","CCAACGATGCACTGAT-1","LC"
"Br2701_LC_round2","CCAATAGTGCCGTCGA-1","LC"
"Br2701_LC_round2","CCATACCTTTACTTGT-1","LC"
"Br2701_LC_round2","CCATCTCACCAGTGAA-1","LC"
"Br2701_LC_round2","CCATGGCCCTTGTACC-1","LC"
"Br2701_LC_round2","CCATTAGCGATAATCC-1","LC"
"Br2701_LC_round2","CCATTCCCTGCCCACA-1","LC"
"Br2701_LC_round2","CCCAACATACGTCGCG-1","LC"
"Br2701_LC_round2","CCCAATTTCACAACTT-1","LC"
"Br2701_LC_round2","CCCGGTGGAAGAACCT-1","LC"
"Br2701_LC_round2","CCCGTAAGTCTAGGCC-1","LC"
"Br2701_LC_round2","CCCTGAAATGAGTTGA-1","LC"
"Br2701_LC_round2","CCCTGCGCTACGCATA-1","LC"
"Br2701_LC_round2","CCGACAAAGGGAGTGC-1","LC"
"Br2701_LC_round2","CCGATCTCAACCTTAT-1","LC"
"Br2701_LC_round2","CCGCACGTGACCTCGG-1","LC"
"Br2701_LC_round2","CCGCGGGTACGAAGAA-1","LC"
"Br2701_LC_round2","CCGCGTAGGTAAGGGC-1","LC"
"Br2701_LC_round2","CCGGAATGGTTTCAGT-1","LC"
"Br2701_LC_round2","CCGGGTTCGAGGTTAC-1","LC"
"Br2701_LC_round2","CCTCCGACAATTCAAG-1","LC"
"Br2701_LC_round2","CCTCGGACCGGGATAG-1","LC"
"Br2701_LC_round2","CCTCTCTCCCATCTAG-1","LC"
"Br2701_LC_round2","CCTGTAAGACATGATA-1","LC"
"Br2701_LC_round2","CCTGTACTCACGCCCA-1","LC"
"Br2701_LC_round2","CGAAACGCAATTCATG-1","LC"
"Br2701_LC_round2","CGAAGTTGCTCTGTGT-1","LC"
"Br2701_LC_round2","CGACAATTTGATCTAA-1","LC"
"Br2701_LC_round2","CGACAGTTCGCGTTAT-1","LC"
"Br2701_LC_round2","CGAGTTTATCGGACTG-1","LC"
"Br2701_LC_round2","CGCAAACACGAGTTAC-1","LC"
"Br2701_LC_round2","CGCAATTCTACAATAA-1","LC"
"Br2701_LC_round2","CGCACGTGCGCTATCA-1","LC"
"Br2701_LC_round2","CGCCTGGCCTACGTAA-1","LC"
"Br2701_LC_round2","CGCGGCTCAACTTGAA-1","LC"
"Br2701_LC_round2","CGCTAGAGACCGCTGC-1","LC"
"Br2701_LC_round2","CGCTCTCCGTAGATTA-1","LC"
"Br2701_LC_round2","CGCTTATTCCCGGTCG-1","LC"
"Br2701_LC_round2","CGGAGTTTGAGAGACA-1","LC"
"Br2701_LC_round2","CGGCAGGGTCGGGTTG-1","LC"
"Br2701_LC_round2","CGGTGAAGACTAAAGT-1","LC"
"Br2701_LC_round2","CGGTGCAGATAGAACG-1","LC"
"Br2701_LC_round2","CGGTTATCCAACAGTG-1","LC"
"Br2701_LC_round2","CGGTTGACCTGGCATA-1","LC"
"Br2701_LC_round2","CGTCGGATAGTGTTGA-1","LC"
"Br2701_LC_round2","CGTGCATTGTCGACGC-1","LC"
"Br2701_LC_round2","CGTGTCCCATTCGCGA-1","LC"
"Br2701_LC_round2","CGTTGTTTCAATTCCC-1","LC"
"Br2701_LC_round2","CTAAAGAATGCCTACT-1","LC"
"Br2701_LC_round2","CTAACCGCGCGCCCGT-1","LC"
"Br2701_LC_round2","CTAACGAAACTTGCTG-1","LC"
"Br2701_LC_round2","CTAATTCGCACGCGCT-1","LC"
"Br2701_LC_round2","CTACCCTAAGGTCATA-1","LC"
"Br2701_LC_round2","CTACGACTAGCTATAA-1","LC"
"Br2701_LC_round2","CTACTATCTTTCAGAG-1","LC"
"Br2701_LC_round2","CTACTCTAGGCCCGGC-1","LC"
"Br2701_LC_round2","CTAGATGTGAGTGTAA-1","LC"
"Br2701_LC_round2","CTAGGTCTGAAGGAAT-1","LC"
"Br2701_LC_round2","CTAGTGAAGGACAGGA-1","LC"
"Br2701_LC_round2","CTCACTTGGCTGGTAA-1","LC"
"Br2701_LC_round2","CTGACTGCGCAGCTCG-1","LC"
"Br2701_LC_round2","CTGCGGGTGAAATGTT-1","LC"
"Br2701_LC_round2","CTGGTAACACATAGAA-1","LC"
"Br2701_LC_round2","CTGGTAACGAGCTCTT-1","LC"
"Br2701_LC_round2","CTTAGTAGGCCTACAG-1","LC"
"Br2701_LC_round2","CTTGAGTTAGGGTAAT-1","LC"
"Br2701_LC_round2","CTTTAGGAACACTGTT-1","LC"
"Br2701_LC_round2","CTTTGGCTTTAGTAAA-1","LC"
"Br2701_LC_round2","GAAACAGATGACCACC-1","LC"
"Br2701_LC_round2","GAAACTCGTGCGATGC-1","LC"
"Br2701_LC_round2","GAAAGAACAGCGTTAT-1","LC"
"Br2701_LC_round2","GAAAGCCCTTTGGACC-1","LC"
"Br2701_LC_round2","GAAAGTGACTAACTGC-1","LC"
"Br2701_LC_round2","GAAATATCACCATCAG-1","LC"
"Br2701_LC_round2","GAAGCTTGCTGACCGC-1","LC"
"Br2701_LC_round2","GAAGTCTCCCTAGCGA-1","LC"
"Br2701_LC_round2","GAATAGACGCGACCCA-1","LC"
"Br2701_LC_round2","GAATTTCTCGCTGCAG-1","LC"
"Br2701_LC_round2","GACCGACTGAAGCGTC-1","LC"
"Br2701_LC_round2","GACGCTTGCTTCTAAA-1","LC"
"Br2701_LC_round2","GACGGTCAATAGAAGC-1","LC"
"Br2701_LC_round2","GACGTGTAGGGATTAT-1","LC"
"Br2701_LC_round2","GACTCGCGGGAATGAC-1","LC"
"Br2701_LC_round2","GAGAGGGCGCGAGGTT-1","LC"
"Br2701_LC_round2","GAGATCTGCTTGGCAT-1","LC"
"Br2701_LC_round2","GAGGAATGGAGAGGTT-1","LC"
"Br2701_LC_round2","GAGGCTATCAAAGTCG-1","LC"
"Br2701_LC_round2","GATAACTCGCACTGTG-1","LC"
"Br2701_LC_round2","GATATTGAGATTGGCG-1","LC"
"Br2701_LC_round2","GATCTTTGCAGGGTAT-1","LC"
"Br2701_LC_round2","GATTACTGAATTTGGG-1","LC"
"Br2701_LC_round2","GATTCCTATACGGCGC-1","LC"
"Br2701_LC_round2","GCAAATATTACGCTTT-1","LC"
"Br2701_LC_round2","GCAACCACGGCCGCGT-1","LC"
"Br2701_LC_round2","GCAGACCCAGCACGTA-1","LC"
"Br2701_LC_round2","GCAGCACACAGCCCAG-1","LC"
"Br2701_LC_round2","GCAGGACTATAGAATA-1","LC"
"Br2701_LC_round2","GCATGAGGGACGCGGC-1","LC"
"Br2701_LC_round2","GCCGAAATTCCTACGT-1","LC"
"Br2701_LC_round2","GCCGCTTGTGAGAAAC-1","LC"
"Br2701_LC_round2","GCCTATAGTGTCAGGG-1","LC"
"Br2701_LC_round2","GCCTATTCCGATATAG-1","LC"
"Br2701_LC_round2","GCCTCATCTGGAAATA-1","LC"
"Br2701_LC_round2","GCGCAAGAGCGCGCTG-1","LC"
"Br2701_LC_round2","GCGCATCCAGTCAGCA-1","LC"
"Br2701_LC_round2","GCGCTGCTTTGCATTT-1","LC"
"Br2701_LC_round2","GCGGCTCTGACGTACC-1","LC"
"Br2701_LC_round2","GCGTAAATGGCCATAA-1","LC"
"Br2701_LC_round2","GCGTCTCTGCATTGGG-1","LC"
"Br2701_LC_round2","GCGTGGTACTGGGTTA-1","LC"
"Br2701_LC_round2","GCTCGCTCATGTCCAA-1","LC"
"Br2701_LC_round2","GCTGGCATATTCACCT-1","LC"
"Br2701_LC_round2","GCTGTTGCTACCGAAC-1","LC"
"Br2701_LC_round2","GCTTGGATCGATTAGG-1","LC"
"Br2701_LC_round2","GCTTTCAGAGGAGGTG-1","LC"
"Br2701_LC_round2","GGATGAAGATCGCTGA-1","LC"
"Br2701_LC_round2","GGATGACGCGAGTTTA-1","LC"
"Br2701_LC_round2","GGCATACAGGTAGCGG-1","LC"
"Br2701_LC_round2","GGCCCTCACCCACTTA-1","LC"
"Br2701_LC_round2","GGCGCAGGACATCTTC-1","LC"
"Br2701_LC_round2","GGCGTCCTATCCGCTG-1","LC"
"Br2701_LC_round2","GGCTATTAAGTTGTAT-1","LC"
"Br2701_LC_round2","GGCTCGCGTTGAGGTA-1","LC"
"Br2701_LC_round2","GGGAACGGGAGGTTAG-1","LC"
"Br2701_LC_round2","GGGATTTACCGCACCT-1","LC"
"Br2701_LC_round2","GGGTACTTCATGAACT-1","LC"
"Br2701_LC_round2","GGGTATGTATGCACTT-1","LC"
"Br2701_LC_round2","GGTGCTGATCACAAAG-1","LC"
"Br2701_LC_round2","GGTTAGGCTTGGAGAA-1","LC"
"Br2701_LC_round2","GGTTAGTTACGGCGCC-1","LC"
"Br2701_LC_round2","GGTTCTACTCGTCTGA-1","LC"
"Br2701_LC_round2","GTAAGTAGGGTATACC-1","LC"
"Br2701_LC_round2","GTAATAAAGGGCTCCC-1","LC"
"Br2701_LC_round2","GTACTCCCTTATCGCT-1","LC"
"Br2701_LC_round2","GTATGTGGGTCTAGTT-1","LC"
"Br2701_LC_round2","GTCAGAATAGTCTATG-1","LC"
"Br2701_LC_round2","GTCGGATATCTCAGAC-1","LC"
"Br2701_LC_round2","GTCTATCTGAGTTTCT-1","LC"
"Br2701_LC_round2","GTGACCGCACACTACG-1","LC"
"Br2701_LC_round2","GTGAGCGTGCTGCACT-1","LC"
"Br2701_LC_round2","GTGCCATCACACGGTG-1","LC"
"Br2701_LC_round2","GTGCGACAGGGAGTGT-1","LC"
"Br2701_LC_round2","GTGGGCTTAGACACAC-1","LC"
"Br2701_LC_round2","GTGGTTTCCGCCTTTC-1","LC"
"Br2701_LC_round2","GTTACAATTGGTGACG-1","LC"
"Br2701_LC_round2","GTTCACAGGAGTCTAG-1","LC"
"Br2701_LC_round2","GTTCATCGTTTGGCTG-1","LC"
"Br2701_LC_round2","GTTTCATATCGTCGCT-1","LC"
"Br2701_LC_round2","TAACCTACCGTCCGAG-1","LC"
"Br2701_LC_round2","TAACGCTTTGAGAGCG-1","LC"
"Br2701_LC_round2","TACAAGTCTCGTGCAT-1","LC"
"Br2701_LC_round2","TACCGCGGACTTGCAG-1","LC"
"Br2701_LC_round2","TACCTGCTGCACTGTG-1","LC"
"Br2701_LC_round2","TACGAGAACTTCACGT-1","LC"
"Br2701_LC_round2","TACGATGTTGATCATC-1","LC"
"Br2701_LC_round2","TACGCTATAGAAACCT-1","LC"
"Br2701_LC_round2","TACGTTTACCGGCAAT-1","LC"
"Br2701_LC_round2","TACTGGACAGCTCGGC-1","LC"
"Br2701_LC_round2","TACTTTACTGAGCCGG-1","LC"
"Br2701_LC_round2","TAGACTACCTAGCGTT-1","LC"
"Br2701_LC_round2","TAGCCATTTCAAAGTC-1","LC"
"Br2701_LC_round2","TAGGGAGCTTGGGATG-1","LC"
"Br2701_LC_round2","TAGGTCCAAGTAAGGA-1","LC"
"Br2701_LC_round2","TAGGTCGCCGGAACTG-1","LC"
"Br2701_LC_round2","TAGGTGAGCCCTACTC-1","LC"
"Br2701_LC_round2","TAGGTGCTCGCCTAGC-1","LC"
"Br2701_LC_round2","TAGTCTAACAACGAGA-1","LC"
"Br2701_LC_round2","TATAGATGGTCGCAGT-1","LC"
"Br2701_LC_round2","TATATCCCTGGGAGGA-1","LC"
"Br2701_LC_round2","TATCTACAGAGGTAAT-1","LC"
"Br2701_LC_round2","TATGAAGACAGGTGCG-1","LC"
"Br2701_LC_round2","TATGGCCCGGCCTCGC-1","LC"
"Br2701_LC_round2","TATTACCATCCTGCTT-1","LC"
"Br2701_LC_round2","TCAACGCGACCGGCAG-1","LC"
"Br2701_LC_round2","TCACATCTTATCTGAT-1","LC"
"Br2701_LC_round2","TCACCGCTCGGCACTC-1","LC"
"Br2701_LC_round2","TCAGGTTCTTTGAGAA-1","LC"
"Br2701_LC_round2","TCAGTACTGACCCGCG-1","LC"
"Br2701_LC_round2","TCATTTAAGTCTCCGA-1","LC"
"Br2701_LC_round2","TCCAACTTTAAATTCT-1","LC"
"Br2701_LC_round2","TCCACAATGGTTTACG-1","LC"
"Br2701_LC_round2","TCCCGGGTGTGCTGCT-1","LC"
"Br2701_LC_round2","TCCCTGGCTCGCTGGA-1","LC"
"Br2701_LC_round2","TCCGATTACATTGCCG-1","LC"
"Br2701_LC_round2","TCCTCTACGAGATGGC-1","LC"
"Br2701_LC_round2","TCCTCTCCAGTTGTCC-1","LC"
"Br2701_LC_round2","TCCTGCGTTGATACTC-1","LC"
"Br2701_LC_round2","TCGCGTCCAGAAGGTC-1","LC"
"Br2701_LC_round2","TCGGAATGCGCTCTGA-1","LC"
"Br2701_LC_round2","TCGGGCCGTCGTGGTA-1","LC"
"Br2701_LC_round2","TCGTATTACCCATTGC-1","LC"
"Br2701_LC_round2","TCTAGGTGGCGACGCT-1","LC"
"Br2701_LC_round2","TCTGGGAACCTTTGAA-1","LC"
"Br2701_LC_round2","TCTGGGTAGCGCTCAT-1","LC"
"Br2701_LC_round2","TCTTACGGCATCCGAC-1","LC"
"Br2701_LC_round2","TCTTAGAGTGAACTCT-1","LC"
"Br2701_LC_round2","TCTTCCCATGGGCACA-1","LC"
"Br2701_LC_round2","TCTTTAAGACTATGAA-1","LC"
"Br2701_LC_round2","TGACATCGAGCGGACC-1","LC"
"Br2701_LC_round2","TGACGATGCACTAGAA-1","LC"
"Br2701_LC_round2","TGAGAGATTTACCACG-1","LC"
"Br2701_LC_round2","TGAGCCATACAGTCTC-1","LC"
"Br2701_LC_round2","TGATTCGTCTATCACT-1","LC"
"Br2701_LC_round2","TGATTTATTAGCTGTG-1","LC"
"Br2701_LC_round2","TGCAGTTTCCTCCCAT-1","LC"
"Br2701_LC_round2","TGGAAGAAGGGAACGT-1","LC"
"Br2701_LC_round2","TGGAGTGATGCGATGA-1","LC"
"Br2701_LC_round2","TGGCCGTATATTGACC-1","LC"
"Br2701_LC_round2","TGGTCTGTTGGGCGTA-1","LC"
"Br2701_LC_round2","TGTAGTGATCTATAAT-1","LC"
"Br2701_LC_round2","TGTATGGCGCAGACAG-1","LC"
"Br2701_LC_round2","TGTCCTAAGTCACCGC-1","LC"
"Br2701_LC_round2","TGTGTTCGTATCCAAG-1","LC"
"Br2701_LC_round2","TGTTCCGCTTCCATGA-1","LC"
"Br2701_LC_round2","TGTTCTTCCATTGACT-1","LC"
"Br2701_LC_round2","TTAAACTCGAATTCAT-1","LC"
"Br2701_LC_round2","TTAAGATAGGATTGAC-1","LC"
"Br2701_LC_round2","TTACATGCCACAACTA-1","LC"
"Br2701_LC_round2","TTACCATTGATTACCC-1","LC"
"Br2701_LC_round2","TTACCCTAACAGTCCT-1","LC"
"Br2701_LC_round2","TTACTCTGGTACGTAC-1","LC"
"Br2701_LC_round2","TTAGCTGATTTGCCGT-1","LC"
"Br2701_LC_round2","TTAGTAGGGCGGCGGG-1","LC"
"Br2701_LC_round2","TTATGACAAACTGGAT-1","LC"
"Br2701_LC_round2","TTATGTTTGCGATAGA-1","LC"
"Br2701_LC_round2","TTCGTACTCCAGAACG-1","LC"
"Br2701_LC_round2","TTGAATTCACGTGAGG-1","LC"
"Br2701_LC_round2","TTGACGCTCCATGAGC-1","LC"
"Br2701_LC_round2","TTGATTATGCAGATGA-1","LC"
"Br2701_LC_round2","TTGCATGCTGATCACG-1","LC"
"Br2701_LC_round2","TTGCCCTGATCACGGG-1","LC"
"Br2701_LC_round2","TTGGACATGTGGCTTA-1","LC"
